{
	 "rootnode": {
		 "name": "RootNode"
		,"transformation": [
			 1
			,0
			,0
			,0
			,0
			,1
			,0
			,0
			,0
			,0
			,1
			,0
			,0
			,0
			,0
			,1
		]
		,"children": [
			{
				 "name": "Lamp"
				,"transformation": [
					 -29.0865
					,56.6393
					,77.1101
					,407.625
					,-5.5189
					,79.4672
					,-60.4525
					,590.386
					,-95.5171
					,-21.8391
					,-19.9883
					,-100.545
					,0
					,0
					,0
					,1
				]
			}
			,{
				 "name": "Camera"
				,"transformation": [
					 -65.1558
					,-32.4013
					,68.5921
					,748.113
					,-44.5271
					,89.5396
					,-1.19209e-05
					,534.367
					,-61.417
					,-30.5421
					,-72.7676
					,650.764
					,0
					,0
					,0
					,1
				]
			}
		]
	}
	,"flags": 9
	,"lights": [
		{
			 "name": "Lamp"
			,"type": 2
			,"attenuationconstant": 0
			,"attenuationlinear": 1
			,"attenuationquadratic": 1
			,"diffusecolor": [
				 100
				,100
				,100
			]
			,"specularcolor": [
				 100
				,100
				,100
			]
			,"ambientcolor": [
				 0
				,0
				,0
			]
			,"position": [
				 0
				,0
				,0
			]
		}
	]
	,"cameras": [
		{
			 "name": "Camera"
			,"aspect": 1.77778
			,"clipplanefar": 1000
			,"clipplanenear": 0.1
			,"horizontalfov": 0.857556
			,"up": [
				 0
				,1
				,0
			]
			,"lookat": [
				 -0.685913
				,0
				,0.727661
			]
		}
	]
}
